"","Naive","Small_Feat_set","Full_Feat_Set","Parameter_Tuned","Stacking"
"DT",0.5,0.5873,0.671683378043962,0.671683378043962,0.671683378043962
"RF",0.5,0.6264,0.727875264120865,0.730599481450462,0.730579615467842
"Logit",0.5,0.5927201,0.709440621705094,0.709440621705094,0.709440621705094
"regLogit",0.5,0.5947759,0.704930870735368,0.709636556523048,0.709636556523048
"NN",0.5,0.6137,0.710762205878748,0.715123794531278,0.730579615467842
